Watershed;Informationextension
53716359;
53722511;
53734519;
53736391;
5384291;
5384699;
541231;
541569;
542417;
542669;
5426887;
5491699;
5661699;
56623111;
56668199;
5666883;
5668314;
5821192;
58228851;
5824615;
53714651;TRUE
5371831;TRUE
53721319;TRUE
5372231;TRUE
5373235;TRUE
53733431;TRUE
5381131;TRUE
541749;TRUE
541929;TRUE
542117551;TRUE
5426255;TRUE
54268419;TRUE
5491499;TRUE
56611311;TRUE
5661369;TRUE
674329111;TRUE
537118391;
53712139;
5371459;
53714699;
53719239;
53719259;
53719699;
53721511;
5373169;
5373253;
53733439;
537348999;
5373825;
537419;
537429;
537485;
537929;
5381139;
5381271;
538143;
538419;
5384849;
5411199;
54128399;
5412849;
541459;
5414699;
54165;
5418139;
5418231;
5421171;
54214999;
542219;
542419;
542467;
5424699;
542613;
542629;
5426343;
5426439;
54268139;
5426829;
54268413;
54268639;
542687299;
549189;
549439;
549639;
566115;
566129;
5661499;
56618399;
5662199;
5666849;
5666929;
582231;
5822871;
5822887;
582419;
5824941;
6741449;
6741469;
67432199;
